Sv0 vv,Sv1 vv,Sv2 vv,Sv3 vv,Sv4 vv,Sv5 vv,Sv6 vv,Sv7 vv,Sv8 vv,Sv9 vv,Sv10 vv,Sv11 vv,Sv12 vv,Sv13 vv,Sv14 vv,Sv15 vv
**,**,**,**,**,**,**,**,**,**,**,**,**,**,**,**
**,**,**,**,**,**,**,**,**,**,**,**,**,**,**,**
**,**,**,**,**,**,**,**,**,**,**,**,**,**,**,**
**,**,**,**,**,**,**,**,**,**,**,**,**,**,**,**
**,**,**,**,**,**,**,**,**,**,**,**,**,**,**,**
**,**,**,**,**,**,**,**,**,**,**,**,**,**,**,**
**,**,**,**,**,**,**,**,**,**,**,**,**,**,**,**
**,**,**,**,**,**,**,**,**,**,**,**,**,**,**,**
**,,,,,,,**,**,,,,,,,**
**,**,**,**,**,**,**,**,**,**,**,**,**,**,**,**
**,**,**,**,**,**,**,**,**,**,**,**,**,**,**,**
**,**,**,**,**,**,**,**,**,**,**,**,**,**,**,**
**,**,**,**,**,**,**,**,**,**,**,**,**,**,**,**
**,**,**,**,**,**,**,**,**,**,**,**,**,**,**,**
**,**,**,**,**,**,**,**,**,**,**,**,**,**,**,**
**,**,**,**,**,**,**,**,**,**,**,**,**,**,**,**
**,**,**,**,**,**,**,**,**,**,**,**,**,**,**,**
Dv0,Dv0,Dv0,Dv0,Dv0,Dv0,Dv0,Dv0,Dv0,Dv0,Dv0,Dv0,Dv0,Dv0,Dv0,Dv0
